Company Name,Email,Outreach Status
Webplanex Infotech,hr@webplanex.com,Not Started
Magneto IT Solutions,info@magnetoitsolutions.com,Not Started
Emizentech,hr@emizentech.co.uk,Not Started
Pixlogix Infotech,info@pixlogix.com,Not Started
Techtic Solutions,poonam@techtic.com,Not Started
Elsner Technologies,career@elsner.com,Not Started
Brainvire Infotech,dayalan.m@brainvire.com,Not Started
Softpulse Infotech,info@softpulseinfotech.com,Not Started
Xcel Ecommerce,info@xcelecommerce.com,Not Started
Krish TechnoLabs,hr@krishtechnolabs.com,Not Started
Vxplore Technologies,sharmistha@v-xplore.com,Not Started
Amasty India,jobs@amasty.com,Not Started
CartCoders,contact@cartcoders.com,Not Started
IdeaUsher,contact@ideausher.com,Not Started
Cynoinfotech,info@cynoinfotech.com,Not Started
Cedcoss Technologies,careers@cedcoss.com,Not Started
Evince Development,info@evincedev.com,Not Started
Infigic Technologies,info@infigic.com,Not Started
Inexture Solutions,grishma@inexture.com,Not Started
AddWeb Solution,contact@addwebsolution.com,Not Started
Biztech Consultancy,sales@biztechconsultancy.com,Not Started
Folio3 India,contact@folio3.com,Not Started
Codup,info@codup.co,Not Started
Mconnect Media,hr@mconnectmedia.com,Not Started
Sparx IT Solutions,careers@sparxitsolutions.com,Not Started
Systech Digital,apps@systechdigital.com,Not Started
Net Solutions,hr@netsolutions.com,Not Started
Mobikasa,hr@mobikasa.com,Not Started
Konstant Infosolutions,sales@konstantinfo.com,Not Started
Appjetty,support@appjetty.com,Not Started
Lucent Innovation,hrteam@lucentinnovation.com,Not Started
WPWeb Infotech,career@wpwebinfotech.com,Not Started
Technoloader,hr@technoloader.com,Not Started
Bacancy Technology,solutions@bacancytechnology.com,Not Started
Groovy Web,career@groovyweb.co,Not Started
Simform,info@simform.com,Not Started
Zealous System,info@zealousys.com,Not Started
Peerbits,hr@peerbits.com,Not Started
Mindinventory,career@mindinventory.com,Not Started
Intelivita,sales@intelivita.co.uk,Not Started
Mobisoft Infotech,info@mobisoftinfotech.com,Not Started
Hyperlink Infosystem,info@hyperlinkinfosystem.com,Not Started
Fugenx Technologies,info@fugenx.com,Not Started
Algoworks,hr@algoworks.com,Not Started
Techuz Infoweb,sales@techuz.com,Not Started
Daffodil Software,info@daffodilsw.com,Not Started
Softuvo Solutions,info@softuvo.com,Not Started
Netgains Technologies,info@netgains.org,Not Started
