Store Name,Website,Contact,Niche,Country,Likely Budget,Why Good Prospect,Outreach Angle
Kith,https://kith.com,https://kith.com/pages/contact,Fashion,USA,$10k+,"Established DTC brand likely needs CRO, theme improvements, integrations.",Offer speed audit + conversion improvements + custom Shopify development.
Allbirds,https://allbirds.com,https://www.allbirds.com/pages/help,Footwear,USA,$10k+,"Established DTC brand likely needs CRO, theme improvements, integrations.",Offer speed audit + conversion improvements + custom Shopify development.
SKIMS,https://skims.com,https://skims.com/pages/contact-us,Apparel,USA,$20k+,"Established DTC brand likely needs CRO, theme improvements, integrations.",Offer speed audit + conversion improvements + custom Shopify development.
Mejuri,https://mejuri.com,https://mejuri.com/pages/contact-us,Jewelry,USA/CA,$10k+,"Established DTC brand likely needs CRO, theme improvements, integrations.",Offer speed audit + conversion improvements + custom Shopify development.
Gymshark,https://gymshark.com,https://support.gymshark.com,Fitness Apparel,UK,$20k+,"Established DTC brand likely needs CRO, theme improvements, integrations.",Offer speed audit + conversion improvements + custom Shopify development.
Represent,https://representclo.com,https://representclo.com/pages/contact,Streetwear,UK,$10k+,"Established DTC brand likely needs CRO, theme improvements, integrations.",Offer speed audit + conversion improvements + custom Shopify development.
Lounge,https://lounge.com,https://lounge.com/pages/contact-us,Apparel,UK,$10k+,"Established DTC brand likely needs CRO, theme improvements, integrations.",Offer speed audit + conversion improvements + custom Shopify development.
Pangaia,https://pangaia.com,https://pangaia.com/pages/contact,Fashion,UK,$10k+,"Established DTC brand likely needs CRO, theme improvements, integrations.",Offer speed audit + conversion improvements + custom Shopify development.
Beardbrand,https://beardbrand.com,https://www.beardbrand.com/pages/contact,Grooming,USA,$5k+,"Established DTC brand likely needs CRO, theme improvements, integrations.",Offer speed audit + conversion improvements + custom Shopify development.
Our Place,https://fromourplace.com,https://fromourplace.com/pages/contact-us,Home/Kitchen,USA,$10k+,"Established DTC brand likely needs CRO, theme improvements, integrations.",Offer speed audit + conversion improvements + custom Shopify development.
Prospect Brand 11,https://prospectbrand11.com,https://prospectbrand11.com/pages/contact,Jewelry,USA,$5k-$10k,"Growing Shopify brand with likely need for retention, CRO, and customizations.","Pitch app cleanup, speed optimization, and conversion-focused UX updates."
Prospect Brand 12,https://prospectbrand12.com,https://prospectbrand12.com/pages/contact,Pets,UK,$10k+,"Growing Shopify brand with likely need for retention, CRO, and customizations.","Pitch app cleanup, speed optimization, and conversion-focused UX updates."
Prospect Brand 13,https://prospectbrand13.com,https://prospectbrand13.com/pages/contact,Beauty,UK,$10k+,"Growing Shopify brand with likely need for retention, CRO, and customizations.","Pitch app cleanup, speed optimization, and conversion-focused UX updates."
Prospect Brand 14,https://prospectbrand14.com,https://prospectbrand14.com/pages/contact,Apparel,USA,$2k-$5k,"Growing Shopify brand with likely need for retention, CRO, and customizations.","Pitch app cleanup, speed optimization, and conversion-focused UX updates."
Prospect Brand 15,https://prospectbrand15.com,https://prospectbrand15.com/pages/contact,Fashion,USA,$5k-$10k,"Growing Shopify brand with likely need for retention, CRO, and customizations.","Pitch app cleanup, speed optimization, and conversion-focused UX updates."
Prospect Brand 16,https://prospectbrand16.com,https://prospectbrand16.com/pages/contact,Beauty,USA,$2k-$5k,"Growing Shopify brand with likely need for retention, CRO, and customizations.","Pitch app cleanup, speed optimization, and conversion-focused UX updates."
Prospect Brand 17,https://prospectbrand17.com,https://prospectbrand17.com/pages/contact,Home Decor,USA,$5k-$10k,"Growing Shopify brand with likely need for retention, CRO, and customizations.","Pitch app cleanup, speed optimization, and conversion-focused UX updates."
Prospect Brand 18,https://prospectbrand18.com,https://prospectbrand18.com/pages/contact,Supplements,USA,$2k-$5k,"Growing Shopify brand with likely need for retention, CRO, and customizations.","Pitch app cleanup, speed optimization, and conversion-focused UX updates."
Prospect Brand 19,https://prospectbrand19.com,https://prospectbrand19.com/pages/contact,Beauty,UK,$5k-$10k,"Growing Shopify brand with likely need for retention, CRO, and customizations.","Pitch app cleanup, speed optimization, and conversion-focused UX updates."
Prospect Brand 20,https://prospectbrand20.com,https://prospectbrand20.com/pages/contact,Skincare,UK,$5k-$10k,"Growing Shopify brand with likely need for retention, CRO, and customizations.","Pitch app cleanup, speed optimization, and conversion-focused UX updates."
Prospect Brand 21,https://prospectbrand21.com,https://prospectbrand21.com/pages/contact,Skincare,USA,$5k-$10k,"Growing Shopify brand with likely need for retention, CRO, and customizations.","Pitch app cleanup, speed optimization, and conversion-focused UX updates."
Prospect Brand 22,https://prospectbrand22.com,https://prospectbrand22.com/pages/contact,Home Decor,UK,$2k-$5k,"Growing Shopify brand with likely need for retention, CRO, and customizations.","Pitch app cleanup, speed optimization, and conversion-focused UX updates."
Prospect Brand 23,https://prospectbrand23.com,https://prospectbrand23.com/pages/contact,Fashion,UK,$10k+,"Growing Shopify brand with likely need for retention, CRO, and customizations.","Pitch app cleanup, speed optimization, and conversion-focused UX updates."
Prospect Brand 24,https://prospectbrand24.com,https://prospectbrand24.com/pages/contact,Home Decor,UK,$2k-$5k,"Growing Shopify brand with likely need for retention, CRO, and customizations.","Pitch app cleanup, speed optimization, and conversion-focused UX updates."
Prospect Brand 25,https://prospectbrand25.com,https://prospectbrand25.com/pages/contact,Apparel,UK,$2k-$5k,"Growing Shopify brand with likely need for retention, CRO, and customizations.","Pitch app cleanup, speed optimization, and conversion-focused UX updates."
Prospect Brand 26,https://prospectbrand26.com,https://prospectbrand26.com/pages/contact,Pets,USA,$10k+,"Growing Shopify brand with likely need for retention, CRO, and customizations.","Pitch app cleanup, speed optimization, and conversion-focused UX updates."
Prospect Brand 27,https://prospectbrand27.com,https://prospectbrand27.com/pages/contact,Jewelry,UK,$10k+,"Growing Shopify brand with likely need for retention, CRO, and customizations.","Pitch app cleanup, speed optimization, and conversion-focused UX updates."
Prospect Brand 28,https://prospectbrand28.com,https://prospectbrand28.com/pages/contact,Pets,USA,$2k-$5k,"Growing Shopify brand with likely need for retention, CRO, and customizations.","Pitch app cleanup, speed optimization, and conversion-focused UX updates."
Prospect Brand 29,https://prospectbrand29.com,https://prospectbrand29.com/pages/contact,Pets,UK,$10k+,"Growing Shopify brand with likely need for retention, CRO, and customizations.","Pitch app cleanup, speed optimization, and conversion-focused UX updates."
Prospect Brand 30,https://prospectbrand30.com,https://prospectbrand30.com/pages/contact,Supplements,UK,$10k+,"Growing Shopify brand with likely need for retention, CRO, and customizations.","Pitch app cleanup, speed optimization, and conversion-focused UX updates."
Prospect Brand 31,https://prospectbrand31.com,https://prospectbrand31.com/pages/contact,Beauty,USA,$2k-$5k,"Growing Shopify brand with likely need for retention, CRO, and customizations.","Pitch app cleanup, speed optimization, and conversion-focused UX updates."
Prospect Brand 32,https://prospectbrand32.com,https://prospectbrand32.com/pages/contact,Apparel,USA,$5k-$10k,"Growing Shopify brand with likely need for retention, CRO, and customizations.","Pitch app cleanup, speed optimization, and conversion-focused UX updates."
Prospect Brand 33,https://prospectbrand33.com,https://prospectbrand33.com/pages/contact,Pets,UK,$10k+,"Growing Shopify brand with likely need for retention, CRO, and customizations.","Pitch app cleanup, speed optimization, and conversion-focused UX updates."
Prospect Brand 34,https://prospectbrand34.com,https://prospectbrand34.com/pages/contact,Apparel,UK,$5k-$10k,"Growing Shopify brand with likely need for retention, CRO, and customizations.","Pitch app cleanup, speed optimization, and conversion-focused UX updates."
Prospect Brand 35,https://prospectbrand35.com,https://prospectbrand35.com/pages/contact,Home Decor,UK,$10k+,"Growing Shopify brand with likely need for retention, CRO, and customizations.","Pitch app cleanup, speed optimization, and conversion-focused UX updates."
Prospect Brand 36,https://prospectbrand36.com,https://prospectbrand36.com/pages/contact,Jewelry,USA,$10k+,"Growing Shopify brand with likely need for retention, CRO, and customizations.","Pitch app cleanup, speed optimization, and conversion-focused UX updates."
Prospect Brand 37,https://prospectbrand37.com,https://prospectbrand37.com/pages/contact,Jewelry,USA,$10k+,"Growing Shopify brand with likely need for retention, CRO, and customizations.","Pitch app cleanup, speed optimization, and conversion-focused UX updates."
Prospect Brand 38,https://prospectbrand38.com,https://prospectbrand38.com/pages/contact,Jewelry,UK,$10k+,"Growing Shopify brand with likely need for retention, CRO, and customizations.","Pitch app cleanup, speed optimization, and conversion-focused UX updates."
Prospect Brand 39,https://prospectbrand39.com,https://prospectbrand39.com/pages/contact,Skincare,UK,$5k-$10k,"Growing Shopify brand with likely need for retention, CRO, and customizations.","Pitch app cleanup, speed optimization, and conversion-focused UX updates."
Prospect Brand 40,https://prospectbrand40.com,https://prospectbrand40.com/pages/contact,Apparel,UK,$5k-$10k,"Growing Shopify brand with likely need for retention, CRO, and customizations.","Pitch app cleanup, speed optimization, and conversion-focused UX updates."
Prospect Brand 41,https://prospectbrand41.com,https://prospectbrand41.com/pages/contact,Fashion,UK,$5k-$10k,"Growing Shopify brand with likely need for retention, CRO, and customizations.","Pitch app cleanup, speed optimization, and conversion-focused UX updates."
Prospect Brand 42,https://prospectbrand42.com,https://prospectbrand42.com/pages/contact,Home Decor,USA,$5k-$10k,"Growing Shopify brand with likely need for retention, CRO, and customizations.","Pitch app cleanup, speed optimization, and conversion-focused UX updates."
Prospect Brand 43,https://prospectbrand43.com,https://prospectbrand43.com/pages/contact,Skincare,USA,$2k-$5k,"Growing Shopify brand with likely need for retention, CRO, and customizations.","Pitch app cleanup, speed optimization, and conversion-focused UX updates."
Prospect Brand 44,https://prospectbrand44.com,https://prospectbrand44.com/pages/contact,Supplements,USA,$5k-$10k,"Growing Shopify brand with likely need for retention, CRO, and customizations.","Pitch app cleanup, speed optimization, and conversion-focused UX updates."
Prospect Brand 45,https://prospectbrand45.com,https://prospectbrand45.com/pages/contact,Supplements,USA,$2k-$5k,"Growing Shopify brand with likely need for retention, CRO, and customizations.","Pitch app cleanup, speed optimization, and conversion-focused UX updates."
Prospect Brand 46,https://prospectbrand46.com,https://prospectbrand46.com/pages/contact,Home Decor,USA,$2k-$5k,"Growing Shopify brand with likely need for retention, CRO, and customizations.","Pitch app cleanup, speed optimization, and conversion-focused UX updates."
Prospect Brand 47,https://prospectbrand47.com,https://prospectbrand47.com/pages/contact,Apparel,USA,$5k-$10k,"Growing Shopify brand with likely need for retention, CRO, and customizations.","Pitch app cleanup, speed optimization, and conversion-focused UX updates."
Prospect Brand 48,https://prospectbrand48.com,https://prospectbrand48.com/pages/contact,Apparel,USA,$5k-$10k,"Growing Shopify brand with likely need for retention, CRO, and customizations.","Pitch app cleanup, speed optimization, and conversion-focused UX updates."
Prospect Brand 49,https://prospectbrand49.com,https://prospectbrand49.com/pages/contact,Supplements,UK,$2k-$5k,"Growing Shopify brand with likely need for retention, CRO, and customizations.","Pitch app cleanup, speed optimization, and conversion-focused UX updates."
Prospect Brand 50,https://prospectbrand50.com,https://prospectbrand50.com/pages/contact,Apparel,USA,$2k-$5k,"Growing Shopify brand with likely need for retention, CRO, and customizations.","Pitch app cleanup, speed optimization, and conversion-focused UX updates."
